"Name","Team","FB%","GB%","IFFB%","LD%","Spd","Hard%","BABIP","playerid"
"Curt Casali","Reds","50.0 %","31.3 %","12.5 %","18.8 %","3.2","35.3 %",".467","12510"
"Jose Briceno","Angels","40.0 %","33.3 %","0.0 %","26.7 %","1.6","33.3 %",".385","13151"
"Mike Trout","Angels","43.1 %","30.8 %","8.3 %","26.2 %","6.9","46.7 %",".349","10155"
"Erik Kratz","Brewers","42.3 %","42.3 %","0.0 %","15.4 %","2.2","50.0 %",".304","4403"
"Mookie Betts","Red Sox","46.7 %","31.7 %","13.1 %","21.7 %","7.0","44.4 %",".327","13611"
"J.D. Martinez","Red Sox","32.3 %","46.4 %","1.6 %","21.4 %","3.2","50.5 %",".353","6184"
"Freddie Freeman","Braves","36.1 %","33.8 %","0.0 %","30.1 %","4.0","45.7 %",".373","5361"
"Jose Ramirez","Indians","43.7 %","35.1 %","10.9 %","21.2 %","4.6","37.1 %",".265","13510"
"Juan Soto","Nationals","30.0 %","46.7 %","0.0 %","23.3 %","3.8","41.7 %",".345","20123"
"Brandon Nimmo","Mets","44.6 %","33.9 %","16.0 %","21.4 %","7.3","43.0 %",".346","12927"
"Austin Romine","Yankees","31.6 %","42.1 %","11.1 %","26.3 %","1.3","36.8 %",".358","5491"
"Max Muncy","Dodgers","47.9 %","34.4 %","6.5 %","17.7 %","2.3","45.8 %",".277","13301"
"Aaron Judge","Yankees","37.7 %","44.0 %","6.7 %","18.2 %","2.9","48.4 %",".362","15640"
"Adam Eaton","Nationals","28.3 %","45.7 %","0.0 %","26.1 %","2.6","47.8 %",".341","11205"
"Elvis Andrus","Rangers","30.0 %","50.0 %","13.3 %","20.0 %","1.5","42.0 %",".313","8709"
"A.J. Pollock","Diamondbacks","38.6 %","40.4 %","9.1 %","21.1 %","7.4","45.6 %",".320","9256"
"Eugenio Suarez","Reds","40.2 %","36.6 %","6.1 %","23.2 %","2.0","48.8 %",".307","12552"
"Matt Kemp","Dodgers","38.0 %","36.1 %","3.2 %","25.9 %","1.2","47.0 %",".396","5631"
"Nolan Arenado","Rockies","35.2 %","37.2 %","15.9 %","27.6 %","4.2","40.8 %",".344","9777"
"Eric Thames","Brewers","48.1 %","33.3 %","11.5 %","18.5 %","4.6","50.0 %",".222","3711"
"Brandon Belt","Giants","48.6 %","21.9 %","2.8 %","29.5 %","4.1","43.9 %",".353","10264"
"Kevan Smith","White Sox","28.1 %","56.3 %","0.0 %","15.6 %","1.2","15.6 %",".469","12284"
"Eddie Rosario","Twins","45.5 %","31.5 %","13.9 %","23.0 %","5.3","39.7 %",".343","12155"
"Austin Meadows","Pirates","43.0 %","40.5 %","8.8 %","16.5 %","6.3","40.5 %",".338","15672"
"Matt Adams","Nationals","41.4 %","35.3 %","8.3 %","23.3 %","1.0","44.8 %",".282","9393"
"Dwight Smith Jr.","Blue Jays","30.8 %","57.7 %","0.0 %","11.5 %","1.8","23.1 %",".320","13473"
"Manny Machado","Orioles","48.9 %","33.9 %","13.5 %","17.2 %","2.1","34.8 %",".311","11493"
"Andrew Benintendi","Red Sox","39.5 %","37.3 %","5.7 %","23.2 %","7.7","25.5 %",".322","17901"
"Tyler Saladino","- - -","34.4 %","31.3 %","0.0 %","34.4 %","1.9","54.6 %",".379","10807"
"Eduardo Escobar","Twins","47.2 %","27.5 %","8.8 %","25.4 %","3.4","43.5 %",".354","6153"
"Jose Martinez","Cardinals","26.9 %","46.3 %","7.4 %","26.9 %","1.6","41.3 %",".340","7996"
"Alen Hanson","Giants","47.7 %","43.1 %","6.5 %","9.2 %","7.8","33.3 %",".311","12926"
"Daniel Descalso","Diamondbacks","48.4 %","30.2 %","11.5 %","21.4 %","4.0","44.4 %",".339","8392"
"Scooter Gennett","Reds","36.6 %","39.0 %","5.3 %","24.4 %","2.2","39.4 %",".387","10339"
"Shohei Ohtani","Angels","27.2 %","50.6 %","9.1 %","22.2 %","4.7","42.0 %",".360","19755"
"Jesus Aguilar","Brewers","46.3 %","28.7 %","4.8 %","25.0 %","1.6","44.1 %",".333","11342"
"J.T. Realmuto","Marlins","34.2 %","42.2 %","14.5 %","23.6 %","5.0","42.9 %",".336","11739"
"Lonnie Chisenhall","Indians","39.5 %","32.6 %","0.0 %","27.9 %","6.6","38.6 %",".409","7571"
"Joey Votto","Reds","28.1 %","37.6 %","0.0 %","34.3 %","3.2","40.0 %",".343","4314"
"Francisco Lindor","Indians","36.8 %","39.4 %","5.9 %","23.8 %","4.7","41.9 %",".315","12916"
"Francisco Cervelli","Pirates","50.4 %","32.3 %","9.4 %","17.3 %","4.0","38.6 %",".280","5275"
"Paul Goldschmidt","Diamondbacks","36.8 %","38.5 %","9.4 %","24.7 %","5.4","47.1 %",".344","9218"
"Michael Brantley","Indians","32.9 %","45.5 %","2.7 %","21.6 %","3.7","38.7 %",".313","4106"
"Gleyber Torres","Yankees","42.7 %","30.8 %","12.0 %","26.5 %","2.5","42.4 %",".327","16997"
"Nick Markakis","Braves","30.4 %","43.9 %","5.2 %","25.7 %","2.0","37.9 %",".343","5930"
"Mitch Moreland","Red Sox","37.4 %","43.2 %","3.8 %","19.4 %","4.4","38.9 %",".310","3086"
"Mark Reynolds","Nationals","43.1 %","43.1 %","18.2 %","13.7 %","0.9","43.1 %",".267","7619"
"Joc Pederson","Dodgers","43.9 %","38.1 %","9.8 %","18.0 %","5.2","38.9 %",".282","11899"
"Kris Bryant","Cubs","43.5 %","32.3 %","11.1 %","24.2 %","3.8","36.0 %",".333","15429"
"Jose Altuve","Astros","30.9 %","41.4 %","3.9 %","27.7 %","5.6","38.7 %",".381","5417"
"Tyler Flowers","Braves","40.9 %","37.9 %","3.7 %","21.2 %","1.2","50.0 %",".323","9134"
"A.J. Ellis","Padres","27.4 %","46.8 %","17.6 %","25.8 %","0.8","40.6 %",".387","5677"
"Lorenzo Cain","Brewers","28.9 %","52.0 %","8.5 %","19.1 %","4.8","36.8 %",".332","9077"
"Shin-Soo Choo","Rangers","30.3 %","48.5 %","3.3 %","21.2 %","2.8","45.2 %",".332","3174"
"Mitch Haniger","Mariners","40.5 %","42.6 %","7.6 %","16.9 %","3.9","41.0 %",".302","14274"
"Trevor Story","Rockies","46.3 %","31.6 %","12.5 %","22.1 %","6.7","47.4 %",".328","12564"
"Nelson Cruz","Mariners","42.4 %","43.0 %","12.3 %","14.5 %","1.6","40.1 %",".239","2434"
"Teoscar Hernandez","Blue Jays","41.6 %","38.0 %","10.1 %","20.5 %","5.7","36.8 %",".305","13066"
"Christian Yelich","Brewers","23.7 %","52.0 %","4.8 %","24.3 %","6.7","44.9 %",".355","11477"
"Xander Bogaerts","Red Sox","37.4 %","43.1 %","13.8 %","19.5 %","2.3","37.1 %",".307","12161"
"Nicholas Castellanos","Tigers","37.2 %","33.5 %","3.7 %","29.4 %","4.1","49.1 %",".383","11737"
"Alex Bregman","Astros","41.6 %","35.9 %","10.4 %","22.5 %","4.3","39.8 %",".281","17678"
"Jean Segura","Mariners","25.7 %","51.8 %","20.3 %","22.5 %","6.6","29.1 %",".376","5933"
"Max Stassi","Astros","35.8 %","49.4 %","10.3 %","14.8 %","1.7","39.5 %",".338","10059"
"Khris Davis","Athletics","47.9 %","38.5 %","8.6 %","13.6 %","1.5","49.1 %",".248","9112"
"George Springer","Astros","33.8 %","49.6 %","10.4 %","16.7 %","3.9","35.1 %",".308","12856"
"Charlie Blackmon","Rockies","33.0 %","46.6 %","7.4 %","20.4 %","6.0","33.3 %",".314","7859"
"Andrelton Simmons","Angels","30.0 %","48.4 %","17.2 %","21.6 %","4.8","37.5 %",".318","10847"
"Carlos Correa","Astros","33.3 %","43.2 %","6.6 %","23.5 %","4.4","32.2 %",".318","14162"
"Rhys Hoskins","Phillies","50.0 %","26.8 %","7.0 %","23.2 %","3.0","34.5 %",".311","16472"
"Brandon Crawford","Giants","29.7 %","42.6 %","10.3 %","27.7 %","2.7","38.1 %",".370","5343"
"Tony Kemp","Astros","26.9 %","43.3 %","0.0 %","29.9 %","3.8","31.0 %",".338","14894"
"Matt Davidson","White Sox","38.0 %","40.7 %","9.8 %","21.3 %","0.7","44.4 %",".323","7226"
"Miguel Cabrera","Tigers","20.4 %","54.6 %","9.1 %","25.0 %","1.0","46.3 %",".352","1744"
"Elias Diaz","Pirates","34.5 %","46.4 %","13.8 %","19.0 %","2.0","33.3 %",".291","11680"
"David Peralta","Diamondbacks","29.7 %","50.5 %","3.5 %","19.8 %","4.3","47.6 %",".315","2136"
"Daniel Robertson","Rays","33.8 %","49.2 %","11.4 %","16.9 %","2.6","33.1 %",".309","14145"
"Jeimer Candelario","Tigers","40.0 %","41.3 %","7.8 %","18.8 %","5.0","36.9 %",".313","13621"
"Robinson Cano","Mariners","32.8 %","46.7 %","5.0 %","20.5 %","1.7","43.4 %",".314","3269"
"Travis Shaw","Brewers","43.1 %","38.5 %","14.3 %","18.5 %","1.8","35.5 %",".253","11982"
"Brent Suter","Brewers","16.7 %","50.0 %","0.0 %","33.3 %","2.6","40.0 %",".231","13942"
"Scott Schebler","Reds","27.1 %","52.9 %","2.4 %","20.0 %","3.9","42.6 %",".315","12225"
"Paul DeJong","Cardinals","43.0 %","30.0 %","14.0 %","27.0 %","1.4","40.0 %",".337","18015"
"Jose Abreu","White Sox","37.2 %","42.2 %","13.6 %","20.6 %","2.5","37.2 %",".314","15676"
"Jorge Soler","Royals","34.0 %","46.8 %","13.2 %","19.2 %","2.8","43.0 %",".340","14221"
"Miguel Andujar","Yankees","29.8 %","50.3 %","13.0 %","19.9 %","4.4","35.4 %",".329","15878"
"Lane Adams","Braves","25.0 %","66.7 %","0.0 %","8.3 %","2.6","15.4 %",".250","10767"
"Eric Hosmer","Padres","19.1 %","56.9 %","7.7 %","24.0 %","3.1","40.7 %",".344","3516"
"Brian Anderson","Marlins","28.2 %","50.7 %","8.3 %","21.1 %","4.1","40.4 %",".368","18289"
"Kyle Schwarber","Cubs","35.8 %","46.0 %","8.2 %","18.2 %","4.1","41.0 %",".278","16478"
"Adrian Beltre","Rangers","28.7 %","39.3 %","5.7 %","32.0 %","2.0","41.8 %",".375","639"
"Steve Pearce","Blue Jays","34.5 %","38.2 %","5.3 %","27.3 %","2.6","41.8 %",".288","9957"
"Albert Almora Jr.","Cubs","31.5 %","47.5 %","9.8 %","21.0 %","4.2","29.9 %",".384","14109"
"Didi Gregorius","Yankees","45.3 %","36.9 %","8.7 %","17.7 %","6.1","36.9 %",".250","6012"
"Willson Contreras","Cubs","36.0 %","50.9 %","11.1 %","13.1 %","4.8","29.8 %",".331","11609"
"Bryce Harper","Nationals","39.4 %","38.9 %","4.3 %","21.7 %","3.7","42.9 %",".212","11579"
"Curtis Granderson","Blue Jays","34.6 %","32.7 %","5.6 %","32.7 %","3.6","41.0 %",".354","4747"
"Nomar Mazara","Rangers","24.0 %","55.5 %","6.3 %","20.5 %","3.3","38.0 %",".296","14553"
"Justin Bour","Marlins","33.9 %","44.0 %","12.3 %","22.0 %","1.5","39.1 %",".280","9744"
"Odubel Herrera","Phillies","34.5 %","43.0 %","21.7 %","22.5 %","3.4","26.2 %",".342","11476"
"Evan Gattis","Astros","47.1 %","32.9 %","11.0 %","20.0 %","2.6","36.1 %",".270","11003"
"Jed Lowrie","Athletics","40.8 %","36.6 %","4.6 %","22.5 %","1.5","39.3 %",".341","4418"
"Pedro Florimon","Phillies","37.8 %","32.4 %","14.3 %","29.7 %","6.9","32.4 %",".371","8385"
"Whit Merrifield","Royals","36.9 %","36.4 %","13.8 %","26.7 %","4.5","40.8 %",".343","11281"
"Tyler Naquin","Indians","22.2 %","55.6 %","0.0 %","22.2 %","1.6","42.9 %",".426","13359"
"Nick Hundley","Giants","44.4 %","29.6 %","5.6 %","25.9 %","2.9","40.7 %",".288","3376"
"Matt Duffy","Rays","21.5 %","51.9 %","5.1 %","26.5 %","2.7","33.2 %",".379","13836"
"Starling Marte","Pirates","33.3 %","48.0 %","8.5 %","18.6 %","7.5","28.3 %",".331","9241"
"Jake Bauers","Rays","18.5 %","40.7 %","40.0 %","40.7 %","4.6","51.9 %",".346","15194"
"Rene Rivera","Angels","37.5 %","37.5 %","8.3 %","25.0 %","1.2","42.4 %",".367","3648"
"Denard Span","- - -","31.8 %","40.1 %","8.0 %","28.0 %","5.2","36.0 %",".284","8347"
"Matt Chapman","Athletics","39.2 %","40.3 %","20.3 %","20.5 %","4.2","46.3 %",".305","16505"
"Danny Valencia","Orioles","35.8 %","44.2 %","7.0 %","20.0 %","2.5","30.8 %",".307","6364"
"Andrew McCutchen","Giants","39.3 %","33.2 %","10.4 %","27.6 %","5.5","46.9 %",".330","9847"
"Brock Holt","Red Sox","21.4 %","52.0 %","4.8 %","26.5 %","4.8","22.2 %",".357","9345"
"Colin Moran","Pirates","35.0 %","40.6 %","7.1 %","24.4 %","1.6","32.5 %",".301","16909"
"Tommy Pham","Cardinals","25.7 %","51.5 %","4.5 %","22.8 %","4.9","45.9 %",".327","2967"
"Justin Upton","Angels","37.0 %","42.0 %","4.5 %","21.0 %","3.7","45.3 %",".307","5222"
"Howie Kendrick","Nationals","28.2 %","47.6 %","8.6 %","24.2 %","2.3","39.5 %",".350","4229"
"Ben Zobrist","Cubs","33.3 %","42.5 %","3.9 %","24.2 %","3.5","34.4 %",".307","7435"
"Ben Gamel","Mariners","25.3 %","44.4 %","0.0 %","30.3 %","6.8","24.2 %",".378","12160"
"Corey Dickerson","Pirates","39.3 %","33.8 %","9.3 %","26.9 %","4.8","30.9 %",".335","10762"
"John Ryan Murphy","Diamondbacks","54.3 %","23.5 %","13.6 %","22.2 %","1.7","47.6 %",".274","10346"
"Ian Happ","Cubs","50.6 %","29.9 %","4.5 %","19.5 %","5.0","41.4 %",".372","17919"
"Kurt Suzuki","Braves","42.8 %","34.5 %","11.3 %","22.8 %","1.6","37.9 %",".268","8259"
"Derek Dietrich","Marlins","34.6 %","41.2 %","11.1 %","24.2 %","3.5","38.5 %",".351","10542"
"Erik Gonzalez","Indians","25.0 %","47.9 %","0.0 %","27.1 %","6.1","43.8 %",".404","13369"
"Marcell Ozuna","Cardinals","33.5 %","48.5 %","11.6 %","18.0 %","3.8","46.6 %",".327","10324"
"Giancarlo Stanton","Yankees","36.8 %","46.8 %","9.5 %","16.4 %","4.4","40.9 %",".303","4949"
"John Hicks","Tigers","43.3 %","38.3 %","9.6 %","18.3 %","2.9","40.2 %",".371","12547"
"Yasmani Grandal","Dodgers","41.1 %","43.0 %","9.7 %","15.9 %","2.4","40.4 %",".271","11368"
"Buster Posey","Giants","32.6 %","47.2 %","3.2 %","20.2 %","4.0","39.4 %",".312","9166"
"Jose Rondon","White Sox","38.7 %","38.7 %","8.3 %","22.6 %","6.0","40.6 %",".310","14140"
"Aaron Hicks","Yankees","41.1 %","39.7 %","11.7 %","19.2 %","6.0","41.6 %",".264","5297"
"Pablo Sandoval","Giants","31.1 %","47.8 %","17.9 %","21.1 %","0.5","41.1 %",".341","5409"
"Jon Jay","- - -","18.3 %","59.8 %","2.5 %","21.9 %","4.5","35.5 %",".369","5227"
"Yangervis Solarte","Blue Jays","37.1 %","40.1 %","17.4 %","22.8 %","1.8","30.6 %",".253","5352"
"Gorkys Hernandez","Giants","32.4 %","44.4 %","17.1 %","23.1 %","5.1","36.5 %",".374","4146"
"Joe Mauer","Twins","21.9 %","53.9 %","10.7 %","24.2 %","1.3","39.5 %",".323","1857"
"Asdrubal Cabrera","Mets","36.3 %","42.2 %","8.1 %","21.6 %","2.0","44.9 %",".297","4962"
"David Dahl","Rockies","35.9 %","43.8 %","0.0 %","20.3 %","5.3","35.9 %",".350","13744"
"Mike Moustakas","Royals","43.7 %","33.2 %","19.0 %","23.1 %","3.6","44.6 %",".266","4892"
"Carlos Santana","Phillies","47.3 %","40.4 %","18.8 %","12.3 %","3.1","35.8 %",".227","2396"
"DJ LeMahieu","Rockies","27.4 %","49.4 %","0.0 %","23.2 %","4.0","37.3 %",".304","9874"
"Cody Bellinger","Dodgers","44.0 %","40.0 %","15.6 %","16.0 %","6.3","37.5 %",".280","15998"
"Justin Smoak","Blue Jays","44.1 %","42.2 %","2.8 %","13.7 %","1.1","31.1 %",".276","9054"
"Ronald Acuna","Braves","39.5 %","46.9 %","6.3 %","13.6 %","3.9","44.4 %",".342","18401"
"Anthony Rendon","Nationals","43.8 %","30.1 %","11.9 %","26.1 %","1.4","39.0 %",".291","12861"
"Anthony Rizzo","Cubs","39.7 %","35.1 %","9.1 %","25.3 %","3.1","33.3 %",".239","3473"
"Christian Villanueva","Padres","53.4 %","31.6 %","18.3 %","15.0 %","2.6","33.1 %",".246","11738"
"Javier Baez","Cubs","33.0 %","45.5 %","12.1 %","21.6 %","8.7","35.2 %",".291","12979"
"Leonys Martin","Tigers","48.8 %","33.7 %","8.3 %","17.4 %","6.5","38.2 %",".302","11846"
"C.J. Cron","Rays","37.6 %","44.6 %","14.3 %","17.7 %","2.4","36.6 %",".281","12546"
"Ozzie Albies","Braves","41.9 %","36.6 %","12.6 %","21.5 %","6.1","35.3 %",".259","16556"
"Cesar Hernandez","Phillies","35.8 %","43.9 %","6.0 %","20.3 %","5.4","27.3 %",".332","10556"
"Welington Castillo","White Sox","36.1 %","42.2 %","13.3 %","21.7 %","0.7","37.4 %",".325","3256"
"Yoenis Cespedes","Mets","52.8 %","30.3 %","19.1 %","16.9 %","4.0","33.7 %",".333","13110"
"Chris Taylor","Dodgers","39.5 %","33.7 %","12.0 %","26.8 %","5.7","33.5 %",".311","13757"
"Yonder Alonso","Indians","43.3 %","39.8 %","14.9 %","17.0 %","1.2","36.6 %",".273","2530"
"Wilson Ramos","Rays","27.5 %","50.3 %","6.4 %","22.2 %","0.7","39.8 %",".331","1433"
"Niko Goodrum","Tigers","39.4 %","45.9 %","4.7 %","14.7 %","5.9","36.7 %",".301","12092"
"Yan Gomes","Indians","45.8 %","33.1 %","18.5 %","21.2 %","1.2","43.2 %",".330","9627"
"Chad Pinder","Athletics","36.7 %","48.9 %","12.1 %","14.4 %","3.8","51.1 %",".326","15191"
"Matt Carpenter","Cardinals","47.9 %","26.7 %","0.0 %","25.5 %","1.3","48.8 %",".278","8090"
"Ryon Healy","Mariners","39.1 %","40.4 %","8.2 %","20.5 %","1.4","37.6 %",".278","15447"
"Edwin Encarnacion","Indians","47.3 %","32.5 %","6.3 %","20.1 %","1.3","39.6 %",".248","2151"
"Adam Jones","Orioles","38.9 %","39.7 %","9.9 %","21.4 %","0.9","33.9 %",".319","6368"
"Juan Lagares","Mets","22.0 %","56.0 %","18.2 %","22.0 %","7.1","23.5 %",".392","5384"
"Ronald Torreyes","Yankees","28.6 %","48.2 %","6.3 %","23.2 %","1.4","25.0 %",".375","11400"
"Jurickson Profar","Rangers","35.9 %","42.7 %","12.2 %","21.4 %","6.7","28.6 %",".253","10815"
"Yasiel Puig","Dodgers","41.2 %","39.9 %","18.0 %","18.9 %","4.9","34.2 %",".284","14225"
"Luke Maile","Blue Jays","33.8 %","41.5 %","9.1 %","24.6 %","5.9","43.1 %",".355","13355"
"David Freese","Pirates","25.6 %","50.0 %","4.8 %","24.4 %","1.3","28.1 %",".308","9549"
"Johan Camargo","Braves","37.8 %","45.4 %","22.2 %","16.8 %","2.7","40.3 %",".239","14950"
"Hunter Renfroe","Padres","36.5 %","37.8 %","11.1 %","25.7 %","4.3","46.0 %",".310","15464"
"Josh Harrison","Pirates","37.9 %","31.8 %","8.0 %","30.3 %","5.3","34.6 %",".318","8202"
"Gregorio Petit","Twins","30.0 %","40.0 %","0.0 %","30.0 %","3.4","20.0 %",".400","3812"
"Josh Donaldson","Blue Jays","33.0 %","47.9 %","9.7 %","19.1 %","4.0","37.2 %",".303","5038"
"Matt Olson","Athletics","44.6 %","34.5 %","7.6 %","20.9 %","2.6","52.5 %",".282","14344"
"Mark Canha","Athletics","39.8 %","38.3 %","11.8 %","21.9 %","1.5","39.8 %",".283","11445"
"Addison Russell","Cubs","35.9 %","38.6 %","16.4 %","25.5 %","4.7","31.4 %",".355","14106"
"Brett Gardner","Yankees","32.6 %","50.5 %","10.0 %","16.8 %","6.5","29.3 %",".300","9927"
"Brad Miller","Rays","44.3 %","34.9 %","6.4 %","20.8 %","2.1","39.3 %",".343","12775"
"Corey Seager","Dodgers","27.1 %","44.7 %","0.0 %","28.2 %","2.9","35.3 %",".301","13624"
"Jefry Marte","Angels","35.8 %","40.3 %","16.7 %","23.9 %","3.3","28.4 %",".297","5107"
"Daniel Palka","White Sox","36.0 %","47.0 %","16.7 %","17.0 %","5.7","39.0 %",".330","14897"
"Christian Arroyo","Rays","16.2 %","70.3 %","0.0 %","13.5 %","3.3","51.4 %",".361","16434"
"Franchy Cordero","Padres","28.9 %","45.8 %","0.0 %","25.3 %","5.7","48.2 %",".338","14567"
"Mark Trumbo","Orioles","33.3 %","43.8 %","14.3 %","22.9 %","1.2","38.1 %",".317","6876"
"Jason Heyward","Cubs","42.3 %","40.5 %","18.8 %","17.2 %","4.2","32.9 %",".283","4940"
"Tyler O'Neill","Cardinals","33.3 %","28.6 %","0.0 %","38.1 %","2.2","38.1 %",".333","15711"
"Brandon Drury","Yankees","41.2 %","29.4 %","0.0 %","29.4 %","0.3","35.3 %",".250","11615"
"Wil Myers","Padres","27.6 %","44.8 %","0.0 %","27.6 %","5.0","58.6 %",".393","10047"
"Carlos Gonzalez","Rockies","36.6 %","47.3 %","10.4 %","16.0 %","5.5","31.1 %",".325","7287"
"Gerardo Parra","Rockies","27.5 %","48.5 %","4.3 %","24.0 %","4.1","32.6 %",".351","8553"
"Harrison Bader","Cardinals","23.4 %","47.9 %","27.3 %","28.7 %","6.7","35.1 %",".326","18030"
"Tyler Austin","Yankees","36.2 %","39.1 %","8.0 %","24.6 %","2.7","36.2 %",".311","11850"
"Ji-Man Choi","Brewers","37.5 %","37.5 %","16.7 %","25.0 %","1.3","56.3 %",".357","5452"
"Marwin Gonzalez","Astros","36.1 %","40.5 %","5.3 %","23.4 %","4.6","39.0 %",".333","5497"
"Wilmer Flores","Mets","49.5 %","34.6 %","13.2 %","15.9 %","0.9","34.6 %",".260","5827"
"Jesse Winker","Reds","36.2 %","41.1 %","8.5 %","22.7 %","1.1","41.0 %",".290","13590"
"Todd Frazier","Mets","36.8 %","37.7 %","16.7 %","25.4 %","4.1","46.5 %",".262","785"
"Joey Gallo","Rangers","52.1 %","29.2 %","12.0 %","18.8 %","2.5","48.0 %",".250","14128"
"Matt Wieters","Nationals","43.4 %","35.8 %","13.0 %","20.8 %","1.0","22.6 %",".240","4298"
"Tom Murphy","Rockies","23.1 %","30.8 %","0.0 %","46.2 %","0.1","46.2 %",".462","13499"
"Nick Williams","Phillies","30.1 %","48.7 %","5.9 %","21.2 %","3.6","30.1 %",".276","14330"
"Chris Iannetta","Rockies","33.3 %","42.9 %","0.0 %","23.8 %","1.0","38.7 %",".290","8267"
"Mac Williamson","Giants","30.5 %","50.8 %","5.6 %","18.6 %","3.1","30.5 %",".273","14158"
"Josh Reddick","Astros","43.1 %","36.2 %","12.5 %","20.8 %","3.2","32.1 %",".272","3892"
"Enrique Hernandez","Dodgers","52.9 %","32.8 %","15.9 %","14.3 %","2.6","30.0 %",".227","10472"
"Jose Osuna","Pirates","29.2 %","54.2 %","42.9 %","16.7 %","0.6","25.0 %",".227","12937"
"Michael Conforto","Mets","40.6 %","42.7 %","12.1 %","16.8 %","1.6","29.4 %",".254","16376"
"Jonathan Villar","Brewers","15.9 %","63.5 %","10.0 %","20.6 %","5.1","35.1 %",".384","10071"
"Greg Bird","Yankees","43.5 %","45.7 %","0.0 %","10.9 %","2.6","41.3 %",".256","14131"
"Mallex Smith","Rays","26.7 %","49.1 %","4.7 %","24.2 %","6.6","26.3 %",".363","13608"
"Trea Turner","Nationals","32.7 %","52.1 %","11.3 %","15.2 %","6.2","33.3 %",".298","16252"
"Tim Anderson","White Sox","37.4 %","43.1 %","4.6 %","19.5 %","7.0","28.0 %",".282","15172"
"Gregory Polanco","Pirates","48.8 %","33.3 %","13.9 %","17.9 %","4.9","35.2 %",".242","12907"
"Greg Garcia","Cardinals","36.8 %","42.1 %","9.5 %","21.1 %","2.0","31.7 %",".298","10951"
"Yolmer Sanchez","White Sox","28.6 %","49.2 %","8.8 %","22.1 %","6.4","28.9 %",".315","11602"
"Gary Sanchez","Yankees","44.2 %","42.2 %","23.5 %","13.6 %","1.9","33.8 %",".199","11442"
"Tommy La Stella","Cubs","27.1 %","51.4 %","15.8 %","21.4 %","2.0","30.0 %",".357","12371"
"Lucas Duda","Royals","43.1 %","28.4 %","9.1 %","28.4 %","0.8","37.3 %",".306","2502"
"Justin Turner","Dodgers","46.3 %","35.4 %","7.9 %","18.3 %","1.3","36.6 %",".263","5235"
"Ehire Adrianza","Twins","36.7 %","34.9 %","7.5 %","28.4 %","5.9","36.3 %",".324","8418"
"Yulieski Gurriel","Astros","29.8 %","48.8 %","8.2 %","21.5 %","3.3","32.7 %",".330","19198"
"Dan Vogelbach","Mariners","30.0 %","47.5 %","16.7 %","22.5 %","0.7","50.0 %",".289","14130"
"Max Kepler","Twins","45.4 %","39.3 %","11.2 %","15.3 %","3.4","38.3 %",".243","12144"
"Travis Jankowski","Padres","15.6 %","66.1 %","5.9 %","18.3 %","7.1","19.0 %",".339","13768"
"Christian Walker","Diamondbacks","42.9 %","42.9 %","0.0 %","14.3 %","4.9","28.6 %",".333","13419"
"Ryan Braun","Brewers","29.2 %","46.5 %","4.8 %","24.3 %","5.7","36.8 %",".272","3410"
"Tucker Barnhart","Reds","28.8 %","44.4 %","13.0 %","26.9 %","2.4","37.2 %",".308","10200"
"Jake Lamb","Diamondbacks","35.1 %","46.8 %","0.0 %","18.2 %","2.4","44.2 %",".250","13329"
"Jordy Mercer","Pirates","39.0 %","37.3 %","8.7 %","23.7 %","2.9","31.1 %",".306","6547"
"Josh Bell","Pirates","33.5 %","47.2 %","12.1 %","19.3 %","4.0","29.7 %",".292","13145"
"Guillermo Heredia","Mariners","36.4 %","40.9 %","10.0 %","22.7 %","2.9","26.1 %",".288","18721"
"Dansby Swanson","Braves","35.6 %","42.3 %","9.4 %","22.1 %","5.3","35.1 %",".340","18314"
"Jedd Gyorko","Cardinals","42.1 %","41.1 %","17.8 %","16.8 %","2.1","40.2 %",".304","10816"
"Hanley Ramirez","Red Sox","34.0 %","50.7 %","16.3 %","15.3 %","4.2","31.3 %",".283","8001"
"Ronald Guzman","Rangers","38.4 %","39.3 %","9.3 %","22.3 %","4.6","28.6 %",".295","14388"
"Charlie Culberson","Braves","28.8 %","57.5 %","4.3 %","13.8 %","6.3","31.3 %",".325","3298"
"Preston Tucker","Braves","30.4 %","46.8 %","8.3 %","22.8 %","1.5","35.0 %",".325","13633"
"Starlin Castro","Marlins","29.7 %","47.7 %","10.6 %","22.5 %","4.7","37.4 %",".338","4579"
"Hernan Perez","Brewers","36.8 %","42.5 %","15.4 %","20.8 %","3.7","32.7 %",".311","5751"
"Chance Sisco","Orioles","38.2 %","48.5 %","0.0 %","13.2 %","3.0","33.3 %",".358","15694"
"Devin Mesoraco","- - -","42.4 %","39.1 %","23.1 %","18.5 %","1.2","33.7 %",".233","5666"
"Robinson Chirinos","Rangers","52.8 %","28.1 %","6.4 %","19.1 %","2.5","47.8 %",".305","3142"
"Franmil Reyes","Padres","35.3 %","47.1 %","5.6 %","17.6 %","1.3","41.2 %",".311","14566"
"Mike Zunino","Mariners","46.2 %","35.5 %","11.6 %","18.3 %","1.1","44.1 %",".280","13265"
"Kevin Pillar","Blue Jays","33.5 %","39.0 %","20.5 %","27.5 %","6.5","35.2 %",".288","12434"
"Yadier Molina","Cardinals","31.5 %","41.5 %","9.8 %","26.9 %","2.2","47.7 %",".266","7007"
"Brandon Dixon","Reds","20.0 %","66.7 %","0.0 %","13.3 %","2.6","31.3 %",".267","15214"
"Pedro Alvarez","Orioles","47.3 %","41.9 %","5.7 %","10.8 %","1.7","30.7 %",".179","2495"
"Jose Bautista","- - -","47.1 %","31.4 %","20.8 %","21.6 %","1.9","49.0 %",".265","1887"
"Maikel Franco","Phillies","34.7 %","50.6 %","16.9 %","14.7 %","1.9","27.7 %",".248","12179"
"Ryan Flaherty","Braves","17.6 %","59.3 %","0.0 %","23.1 %","3.2","24.7 %",".330","7888"
"Jose Iglesias","Tigers","34.9 %","42.9 %","16.2 %","22.2 %","6.6","24.5 %",".288","10231"
"Brian Dozier","Twins","44.2 %","42.3 %","16.8 %","13.5 %","4.7","35.4 %",".244","9810"
"Salvador Perez","Royals","46.0 %","35.0 %","9.3 %","19.0 %","2.4","46.6 %",".224","7304"
"Randal Grichuk","Blue Jays","48.1 %","40.7 %","17.9 %","11.1 %","4.5","33.3 %",".203","10243"
"Evan Longoria","Giants","39.8 %","42.8 %","8.8 %","17.4 %","3.3","46.3 %",".277","9368"
"Jose Pirela","Padres","26.6 %","53.2 %","20.3 %","20.3 %","4.9","35.6 %",".339","5485"
"Yoan Moncada","White Sox","37.8 %","38.5 %","1.8 %","23.6 %","6.1","39.6 %",".324","17232"
"Ian Desmond","Rockies","18.9 %","62.9 %","0.0 %","18.3 %","5.7","33.7 %",".230","6885"
"Michael A. Taylor","Nationals","29.9 %","51.7 %","9.1 %","18.4 %","7.8","32.5 %",".324","11489"
"Ketel Marte","Diamondbacks","27.5 %","55.9 %","6.9 %","16.6 %","6.1","34.0 %",".269","13613"
"Marcus Semien","Athletics","36.1 %","42.1 %","11.9 %","21.9 %","4.0","31.3 %",".301","12533"
"Adam Frazier","Pirates","28.6 %","57.1 %","0.0 %","14.3 %","5.1","20.2 %",".264","15223"
"Alex Verdugo","Dodgers","14.3 %","67.9 %","0.0 %","17.9 %","1.2","31.0 %",".321","17027"
"Zack Greinke","Diamondbacks","35.3 %","35.3 %","33.3 %","29.4 %","4.4","35.0 %",".353","1943"
"Albert Pujols","Angels","37.8 %","38.7 %","20.2 %","23.4 %","1.0","40.5 %",".261","1177"
"Johnny Field","Rays","37.4 %","39.6 %","14.7 %","23.1 %","5.1","34.0 %",".310","15048"
"Rafael Devers","Red Sox","39.4 %","44.0 %","13.2 %","16.6 %","3.2","36.1 %",".290","17350"
"Matt Joyce","Athletics","43.5 %","33.9 %","5.6 %","22.6 %","2.0","33.6 %",".222","3353"
"Nick Ahmed","Diamondbacks","36.3 %","37.4 %","6.5 %","26.3 %","4.2","37.4 %",".244","12147"
"Ryan Zimmerman","Nationals","34.1 %","44.0 %","6.5 %","22.0 %","3.3","41.8 %",".233","4220"
"Alex Gordon","Royals","23.7 %","54.6 %","2.8 %","21.7 %","3.2","37.5 %",".306","5209"
"Leury Garcia","White Sox","22.0 %","57.1 %","0.0 %","20.9 %","7.5","32.6 %",".326","5913"
"Yairo Munoz","Cardinals","23.3 %","58.9 %","0.0 %","17.8 %","1.9","35.6 %",".343","16313"
"Joey Wendle","Rays","29.3 %","50.0 %","9.1 %","20.7 %","6.3","36.7 %",".345","13853"
"Isiah Kiner-Falefa","Rangers","30.2 %","45.9 %","12.5 %","23.9 %","5.7","31.9 %",".289","16512"
"Domingo Santana","Brewers","26.2 %","50.8 %","3.1 %","23.0 %","1.6","41.0 %",".370","10348"
"Devon Travis","Blue Jays","21.5 %","57.0 %","5.0 %","21.5 %","5.2","25.8 %",".281","13862"
"Ian Kinsler","Angels","46.9 %","34.7 %","13.0 %","18.3 %","4.2","32.9 %",".206","6195"
"Kyle Seager","Mariners","44.7 %","36.1 %","8.2 %","19.2 %","2.3","38.6 %",".245","9785"
"Stephen Piscotty","Athletics","30.8 %","46.2 %","5.8 %","23.1 %","1.5","40.2 %",".297","13367"
"Joe Panik","Giants","31.4 %","48.9 %","4.7 %","19.7 %","3.3","30.4 %",".239","11936"
"Kevin Plawecki","Mets","25.6 %","64.1 %","20.0 %","10.3 %","2.1","38.5 %",".282","13807"
"Brian McCann","Astros","54.3 %","25.7 %","19.3 %","20.0 %","1.5","24.5 %",".238","4810"
"Jesmuel Valentin","Phillies","40.9 %","31.8 %","11.1 %","27.3 %","0.3","22.7 %",".333","14548"
"Grayson Greiner","Tigers","28.0 %","44.0 %","28.6 %","28.0 %","1.1","28.0 %",".360","17062"
"Nick Delmonico","White Sox","43.5 %","39.1 %","20.0 %","17.4 %","3.4","25.0 %",".275","13157"
"Miguel Sano","Twins","47.0 %","39.8 %","10.3 %","13.3 %","1.2","39.8 %",".303","12164"
"Hunter Dozier","Royals","42.3 %","40.8 %","10.0 %","16.9 %","0.8","47.9 %",".309","15117"
"Freddy Galvis","Padres","31.7 %","47.3 %","6.2 %","21.0 %","4.1","39.3 %",".295","6609"
"Austin Barnes","Dodgers","19.7 %","57.9 %","20.0 %","22.4 %","4.2","26.3 %",".280","12158"
"Dustin Fowler","Athletics","41.0 %","42.3 %","3.1 %","16.7 %","5.8","46.2 %",".243","17098"
"Zack Cozart","Angels","40.8 %","38.0 %","17.3 %","21.2 %","3.4","36.8 %",".244","2616"
"Delino DeShields","Rangers","30.6 %","50.7 %","4.9 %","18.7 %","7.4","25.5 %",".289","11379"
"Chris Young","Angels","54.4 %","27.9 %","29.7 %","17.6 %","7.1","27.5 %",".190","3882"
"Dee Gordon","Mariners","24.6 %","53.1 %","3.9 %","22.2 %","7.0","17.9 %",".330","8203"
"Robbie Grossman","Twins","41.9 %","33.3 %","13.0 %","24.8 %","0.9","34.9 %",".291","5254"
"Trey Mancini","Orioles","26.2 %","55.0 %","8.0 %","18.8 %","1.5","31.9 %",".273","15149"
"Adeiny Hechavarria","Rays","31.1 %","42.9 %","5.4 %","26.1 %","1.4","38.0 %",".316","10459"
"Logan Morrison","Twins","43.7 %","36.7 %","17.4 %","19.6 %","2.7","37.1 %",".217","9205"
"Brian Goodwin","Nationals","34.8 %","43.5 %","0.0 %","21.7 %","4.4","29.2 %",".318","12858"
"Adrian Gonzalez","Mets","32.4 %","43.4 %","2.3 %","24.3 %","0.7","40.2 %",".260","1908"
"Jonathan Lucroy","Athletics","31.7 %","46.0 %","11.8 %","22.4 %","2.2","40.1 %",".300","7870"
"Dominic Smith","Mets","16.7 %","66.7 %","0.0 %","16.7 %","0.1","66.7 %",".273","15653"
"Jace Peterson","- - -","34.7 %","46.7 %","15.4 %","18.7 %","6.2","26.3 %",".267","12325"
"Cory Spangenberg","Padres","29.5 %","40.9 %","0.0 %","29.5 %","8.5","37.4 %",".286","12294"
"Omar Narvaez","White Sox","35.4 %","40.5 %","7.1 %","24.1 %","1.0","28.1 %",".278","13338"
"Wilmer Difo","Nationals","29.7 %","44.3 %","17.0 %","25.9 %","6.5","19.6 %",".285","14320"
"Jorge Alfaro","Phillies","26.7 %","47.5 %","0.0 %","25.7 %","2.2","33.7 %",".385","12180"
"Max Moroff","Pirates","64.7 %","17.6 %","9.1 %","17.6 %","0.4","27.8 %",".375","14556"
"JaCoby Jones","Tigers","34.2 %","42.4 %","20.4 %","23.4 %","6.8","36.9 %",".297","14818"
"Russell Martin","Blue Jays","37.3 %","49.1 %","17.1 %","13.6 %","1.4","32.7 %",".192","4616"
"Aledmys Diaz","Blue Jays","41.0 %","41.8 %","14.5 %","17.2 %","2.8","33.6 %",".234","15937"
"James McCann","Tigers","39.5 %","38.9 %","16.1 %","21.7 %","1.5","38.2 %",".288","12859"
"Miguel Rojas","Marlins","30.7 %","48.3 %","17.5 %","21.0 %","2.4","29.8 %",".241","7802"
"Ender Inciarte","Braves","32.3 %","48.3 %","6.7 %","19.4 %","6.4","25.5 %",".270","4922"
"Noel Cuevas","Rockies","35.2 %","43.7 %","32.0 %","21.1 %","2.8","23.6 %",".310","11894"
"Jose Peraza","Reds","35.8 %","38.8 %","6.0 %","25.4 %","4.8","27.7 %",".296","13593"
"Mitch Garver","Twins","31.5 %","42.7 %","25.0 %","25.8 %","1.0","36.0 %",".310","15161"
"Martin Maldonado","Angels","40.6 %","36.1 %","9.3 %","23.3 %","1.3","31.9 %",".313","6887"
"Adam Duvall","Reds","47.3 %","32.7 %","12.7 %","20.0 %","2.1","39.3 %",".209","10950"
"Victor Martinez","Tigers","37.1 %","41.5 %","7.9 %","21.5 %","0.4","39.5 %",".259","393"
"Gregor Blanco","Giants","26.6 %","43.0 %","14.3 %","30.4 %","6.2","23.8 %",".341","3123"
"J.T. Riddle","Marlins","19.1 %","53.2 %","11.1 %","27.7 %","0.8","34.7 %",".273","17642"
"Aaron Altherr","Phillies","37.3 %","46.4 %","14.6 %","16.4 %","3.1","36.4 %",".231","11270"
"Carlos Martinez","Cardinals","16.7 %","50.0 %","0.0 %","33.3 %","0.1","28.6 %",".364","11682"
"David Bote","Cubs","20.0 %","53.3 %","33.3 %","26.7 %","3.4","33.3 %",".333","14593"
"J.P. Crawford","Phillies","31.0 %","44.8 %","5.6 %","24.1 %","7.4","26.2 %",".263","15491"
"Rob Refsnyder","Rays","34.5 %","43.1 %","5.0 %","22.4 %","2.0","34.5 %",".214","13770"
"Kendrys Morales","Blue Jays","36.0 %","44.9 %","4.1 %","19.1 %","2.0","43.4 %",".267","8610"
"Alex Blandino","Reds","32.9 %","47.1 %","4.3 %","20.0 %","1.5","34.7 %",".319","16271"
"J.D. Davis","Astros","25.8 %","48.4 %","0.0 %","25.8 %","1.9","32.3 %",".267","16219"
"Joey Rickard","Orioles","48.3 %","34.5 %","14.3 %","17.2 %","1.4","25.9 %",".204","13277"
"Charlie Tilson","White Sox","17.5 %","61.4 %","10.0 %","21.1 %","6.0","13.3 %",".305","12983"
"Andrew Stevenson","Nationals","14.7 %","52.9 %","0.0 %","32.4 %","3.1","23.7 %",".324","17932"
"Victor Caratini","Cubs","16.0 %","56.0 %","0.0 %","28.0 %","2.0","24.0 %",".340","14968"
"Chase Utley","Dodgers","34.5 %","39.1 %","6.7 %","26.4 %","5.5","28.4 %",".264","1679"
"Eduardo Nunez","Red Sox","29.6 %","52.3 %","22.0 %","18.1 %","3.7","26.5 %",".287","6848"
"Patrick Corbin","Diamondbacks","14.3 %","57.1 %","0.0 %","28.6 %","0.2","23.5 %",".467","9323"
"Manuel Margot","Padres","32.0 %","51.6 %","14.3 %","16.3 %","5.8","35.9 %",".286","14712"
"Scott Kingery","Phillies","40.1 %","37.6 %","14.3 %","22.3 %","5.4","26.9 %",".287","17975"
"Austin Jackson","Giants","27.1 %","45.9 %","4.3 %","27.1 %","2.5","31.8 %",".400","9848"
"Cameron Maybin","Marlins","27.2 %","45.6 %","8.8 %","27.2 %","3.4","33.9 %",".283","5223"
"Jonathan Schoop","Orioles","40.1 %","45.9 %","23.8 %","14.0 %","2.6","24.7 %",".240","11265"
"Bradley Zimmer","Indians","27.6 %","48.3 %","0.0 %","24.1 %","5.2","43.6 %",".367","16221"
"Giovanny Urshela","Blue Jays","45.5 %","45.5 %","26.7 %","9.1 %","2.4","21.2 %",".281","10681"
"Amed Rosario","Mets","35.8 %","46.8 %","16.1 %","17.3 %","5.2","28.6 %",".284","15518"
"Luis Valbuena","Angels","44.4 %","35.5 %","12.7 %","20.2 %","2.2","39.7 %",".300","4969"
"Max Scherzer","Nationals","13.8 %","65.5 %","0.0 %","20.7 %","4.6","20.7 %",".310","3137"
"Jay Bruce","Mets","45.4 %","31.3 %","4.1 %","23.3 %","3.3","32.5 %",".261","9892"
"Manny Pina","Brewers","33.1 %","43.3 %","11.9 %","23.6 %","2.0","36.2 %",".236","2829"
"Craig Gentry","Orioles","22.9 %","57.8 %","21.1 %","19.3 %","6.3","14.9 %",".314","9571"
"Derek Fisher","Astros","28.9 %","50.0 %","0.0 %","21.1 %","8.7","41.0 %",".257","16192"
"Rougned Odor","Rangers","43.9 %","39.8 %","18.6 %","16.3 %","4.3","38.7 %",".296","12282"
"Willy Adames","Rays","45.0 %","40.0 %","11.1 %","15.0 %","2.4","30.0 %",".368","15986"
"Jose  Miguel Fernandez","Angels","16.7 %","41.7 %","0.0 %","41.7 %","0.4","41.7 %",".292","19254"
"Carlos Gomez","Rays","49.0 %","32.7 %","15.3 %","18.4 %","5.7","30.3 %",".229","4881"
"David Freitas","Mariners","33.3 %","47.6 %","7.1 %","19.0 %","1.7","35.7 %",".310","10619"
"Sean Rodriguez","Pirates","50.7 %","32.8 %","14.7 %","16.4 %","5.3","25.4 %",".219","6589"
"Logan Forsythe","Dodgers","41.3 %","41.3 %","8.9 %","17.4 %","3.6","29.4 %",".243","7185"
"Cheslor Cuthbert","Royals","40.7 %","48.1 %","6.1 %","11.1 %","1.9","30.9 %",".218","10473"
"Phillip Ervin","Reds","30.8 %","30.8 %","62.5 %","38.5 %","3.7","23.1 %",".308","14738"
"Jackie Bradley Jr.","Red Sox","34.5 %","45.5 %","12.0 %","20.0 %","6.9","33.8 %",".241","12984"
"Jason Kipnis","Indians","43.0 %","36.8 %","8.4 %","20.2 %","2.8","35.7 %",".241","9776"
"Sandy Leon","Red Sox","42.4 %","42.4 %","3.6 %","15.2 %","4.1","30.3 %",".292","5273"
"Kolten Wong","Cardinals","31.2 %","56.0 %","12.8 %","12.8 %","3.7","23.3 %",".206","12532"
"Rajai Davis","Indians","30.7 %","46.6 %","11.1 %","22.7 %","6.8","30.0 %",".276","3708"
"Dexter Fowler","Cardinals","43.2 %","36.3 %","4.8 %","20.5 %","3.7","37.7 %",".199","4062"
"Billy Hamilton","Reds","32.3 %","39.8 %","20.9 %","27.8 %","8.6","18.4 %",".288","10199"
"Jeff Mathis","Diamondbacks","43.6 %","41.0 %","5.9 %","15.4 %","3.3","30.0 %",".275","3448"
"Ryan LaMarre","Twins","25.9 %","44.4 %","21.4 %","29.6 %","1.8","39.3 %",".375","10700"
"Ryan Goins","Royals","28.9 %","42.1 %","18.2 %","28.9 %","3.2","28.8 %",".316","9807"
"Kyle Farmer","Dodgers","26.5 %","42.9 %","7.7 %","30.6 %","0.1","38.0 %",".280","14813"
"Ryan McMahon","Rockies","21.7 %","53.3 %","7.7 %","25.0 %","2.6","25.0 %",".305","15112"
"Brandon Guyer","Indians","42.9 %","42.9 %","0.0 %","14.3 %","0.6","34.9 %",".167","2636"
"Adam Engel","White Sox","43.7 %","38.9 %","21.8 %","17.5 %","6.9","24.2 %",".291","15082"
"Matt Szczur","Padres","42.6 %","38.3 %","35.0 %","19.1 %","6.3","29.2 %",".255","11255"
"Austin Wynns","Orioles","15.4 %","38.5 %","50.0 %","46.2 %","2.6","23.1 %",".333","15271"
"Jake Arrieta","Phillies","25.0 %","37.5 %","0.0 %","37.5 %","0.8","30.0 %",".375","4153"
"Neil Walker","Yankees","42.0 %","41.1 %","8.5 %","17.0 %","2.5","37.5 %",".255","7539"
"Kelby Tomlinson","Giants","17.6 %","55.4 %","7.7 %","27.0 %","2.8","23.1 %",".308","13005"
"Jarrod Dyson","Diamondbacks","32.1 %","47.3 %","23.8 %","20.6 %","7.8","21.0 %",".203","4866"
"Andrew Knapp","Phillies","35.3 %","45.1 %","11.1 %","19.6 %","5.9","27.5 %",".280","14942"
"Avisail Garcia","White Sox","26.3 %","59.6 %","13.3 %","14.0 %","1.9","40.4 %",".286","5760"
"Pedro Severino","Nationals","36.4 %","40.4 %","16.7 %","23.2 %","2.8","23.8 %",".257","14523"
"Jett Bandy","Brewers","41.5 %","26.8 %","29.4 %","31.7 %","1.3","36.6 %",".275","12508"
"Christian Vazquez","Red Sox","38.4 %","42.5 %","3.6 %","19.2 %","2.6","21.1 %",".243","9774"
"Dixon Machado","Tigers","30.2 %","43.8 %","6.1 %","25.9 %","2.8","33.7 %",".247","11472"
"Chris Owings","Diamondbacks","39.5 %","41.1 %","9.8 %","19.4 %","4.7","33.6 %",".250","10030"
"Tzu-Wei Lin","Red Sox","24.0 %","44.0 %","33.3 %","32.0 %","1.4","40.0 %",".240","14678"
"Anthony Santander","Orioles","40.5 %","39.2 %","18.8 %","20.3 %","4.9","31.3 %",".241","14551"
"Greg Allen","Indians","33.3 %","40.9 %","13.6 %","25.8 %","8.3","36.6 %",".290","16623"
"Abraham Almonte","Royals","38.6 %","51.8 %","3.1 %","9.6 %","5.2","37.9 %",".217","5486"
"Carlos Asuaje","Padres","37.8 %","44.4 %","8.8 %","17.8 %","1.0","39.6 %",".213","15197"
"Tony Wolters","Rockies","31.2 %","57.1 %","12.5 %","11.7 %","3.9","20.5 %",".171","11470"
"Alcides Escobar","Royals","34.7 %","46.8 %","12.0 %","18.5 %","5.3","34.1 %",".224","6310"
"Yadiel Rivera","Marlins","15.0 %","65.0 %","0.0 %","20.0 %","2.5","25.0 %",".275","11863"
"Austin Hedges","Padres","46.7 %","37.8 %","14.3 %","15.6 %","0.6","26.7 %",".256","12976"
"Jose Lobaton","Mets","21.9 %","59.4 %","0.0 %","18.8 %","3.4","34.4 %",".219","4243"
"Lewis Brinson","Marlins","32.5 %","51.3 %","5.8 %","16.3 %","3.6","37.0 %",".216","14352"
"Lourdes Gurriel","Blue Jays","35.3 %","45.1 %","0.0 %","19.6 %","2.5","33.3 %",".245","19238"
"Renato Nunez","Rangers","52.0 %","40.0 %","15.4 %","8.0 %","0.3","28.0 %",".208","14503"
"Cam Gallagher","Royals","50.0 %","30.0 %","10.0 %","20.0 %","1.6","25.0 %",".250","12981"
"Gordon Beckham","Mariners","51.9 %","37.0 %","0.0 %","11.1 %","3.3","27.6 %",".259","9015"
"Francisco Pena","Cardinals","26.7 %","60.0 %","18.8 %","13.3 %","1.3","26.7 %",".259","8298"
"Jason Castro","Twins","31.6 %","42.1 %","8.3 %","26.3 %","0.6","36.8 %",".216","8722"
"Melky Cabrera","Indians","32.7 %","48.1 %","11.8 %","19.2 %","2.0","34.6 %",".231","4022"
"Tim Beckham","Orioles","37.5 %","48.2 %","9.5 %","14.3 %","3.7","31.6 %",".250","7949"
"Vince Velasquez","Phillies","13.3 %","86.7 %","50.0 %","0.0 %","0.6","29.4 %",".400","11189"
"German Marquez","Rockies","11.8 %","64.7 %","50.0 %","23.5 %","0.1","15.8 %",".333","15038"
"Michael Hermosillo","Angels","20.0 %","66.7 %","66.7 %","13.3 %","5.0","33.3 %",".200","16285"
"Drew Robinson","Rangers","30.3 %","39.4 %","20.0 %","30.3 %","3.4","40.0 %",".382","11761"
"Spencer Kieboom","Nationals","31.8 %","45.5 %","0.0 %","22.7 %","0.3","18.2 %",".227","13300"
"Tomas Telis","Marlins","42.9 %","42.9 %","11.1 %","14.3 %","1.1","14.3 %",".286","10067"
"Caleb Joseph","Orioles","37.7 %","37.7 %","0.0 %","24.5 %","4.9","22.2 %",".250","7087"
"Jake Marisnick","Astros","44.6 %","32.3 %","20.7 %","23.1 %","4.9","26.9 %",".274","11339"
"Peter Bourjos","Braves","32.0 %","48.0 %","12.5 %","20.0 %","4.8","34.6 %",".269","2578"
"Victor Reyes","Tigers","17.9 %","53.8 %","14.3 %","28.2 %","10.0","32.5 %",".300","15487"
"Raffy Lopez","Padres","50.0 %","29.3 %","0.0 %","20.7 %","3.3","37.9 %",".236","12606"
"Orlando Arcia","Brewers","25.0 %","61.0 %","5.9 %","14.0 %","2.7","24.3 %",".261","13185"
"J.B. Shuck","Marlins","28.6 %","50.5 %","15.4 %","20.9 %","5.0","23.7 %",".228","6677"
"Kevin Kiermaier","Rays","44.0 %","44.0 %","27.3 %","12.0 %","8.1","24.0 %",".280","11038"
"Bruce Maxwell","Athletics","25.6 %","53.5 %","9.1 %","20.9 %","1.8","44.2 %",".214","13866"
"Drew Butera","Royals","49.2 %","27.7 %","15.6 %","23.1 %","0.9","29.9 %",".197","3411"
"Phil Gosselin","Reds","25.0 %","50.0 %","25.0 %","25.0 %","2.6","18.8 %",".133","10953"
"Breyvic Valera","Dodgers","29.2 %","58.3 %","0.0 %","12.5 %","2.3","24.0 %",".200","12758"
"Luis Sardinas","Orioles","30.8 %","61.5 %","0.0 %","7.7 %","1.6","15.4 %",".083","13153"
"Pete Kozma","Tigers","45.5 %","39.4 %","13.3 %","15.2 %","3.7","36.4 %",".188","2539"
"Martin Prado","Marlins","30.8 %","43.6 %","0.0 %","25.6 %","2.2","28.2 %",".231","3312"
"Ichiro Suzuki","Mariners","30.6 %","55.6 %","9.1 %","13.9 %","2.1","13.5 %",".243","1101"
"Boog Powell","Athletics","16.7 %","72.2 %","0.0 %","11.1 %","8.0","27.8 %",".222","15103"
"Jose Reyes","Mets","32.8 %","47.8 %","22.7 %","19.4 %","5.2","29.0 %",".176","1736"
"Zack Wheeler","Mets","29.4 %","41.2 %","20.0 %","29.4 %","0.6","11.1 %",".333","10310"
"Ryan Rua","Rangers","33.9 %","50.0 %","15.8 %","16.1 %","7.6","35.1 %",".222","12409"
"Bobby Wilson","Twins","40.5 %","50.0 %","17.6 %","9.5 %","0.7","30.2 %",".171","6564"
"Chris Davis","Orioles","35.0 %","45.8 %","2.4 %","19.2 %","0.3","33.6 %",".229","9272"
"Mikie Mahtook","Tigers","38.5 %","40.4 %","5.0 %","21.2 %","6.6","25.0 %",".250","13130"
"Roberto Perez","Indians","30.4 %","56.5 %","14.3 %","13.0 %","4.1","42.6 %",".217","2900"
"Cliff Pennington","Reds","25.0 %","50.0 %","0.0 %","25.0 %","0.2","25.0 %",".250","3395"
"Luis Guillorme","Mets","26.5 %","55.1 %","0.0 %","18.4 %","2.9","27.5 %",".196","16451"
"Bryan Holaday","Marlins","44.6 %","33.9 %","12.0 %","21.4 %","0.8","17.9 %",".200","11287"
"Chris Gimenez","Cubs","37.5 %","50.0 %","33.3 %","12.5 %","4.7","25.0 %",".188","7324"
"Jesus Sucre","Rays","33.3 %","44.4 %","4.8 %","22.2 %","2.9","30.8 %",".222","5942"
"Juan Centeno","Rangers","26.7 %","50.0 %","0.0 %","23.3 %","1.6","36.7 %",".172","7168"
"Paulo Orlando","Royals","26.9 %","53.8 %","14.3 %","19.2 %","1.5","25.0 %",".250","8628"
"Hunter Pence","Giants","33.3 %","46.3 %","27.8 %","20.4 %","2.9","25.9 %",".278","8252"
"Steven Souza Jr.","Diamondbacks","43.3 %","46.7 %","15.4 %","10.0 %","2.0","40.0 %",".233","5667"
"Eric Sogard","Brewers","38.3 %","36.7 %","13.0 %","25.0 %","4.3","32.3 %",".164","7927"
"Tony Cruz","Reds","40.0 %","40.0 %","16.7 %","20.0 %","1.6","60.0 %",".214","2802"
"Carlos Perez","- - -","43.5 %","28.3 %","20.0 %","28.3 %","2.9","24.5 %",".196","10642"
"Moises Sierra","Nationals","27.8 %","63.9 %","0.0 %","8.3 %","3.7","25.0 %",".250","6050"
"Luke Weaver","Cardinals","18.2 %","54.5 %","0.0 %","27.3 %","2.6","6.3 %",".333","16918"
"Ramon Torres","Royals","24.0 %","56.0 %","0.0 %","20.0 %","2.6","24.0 %",".200","14113"
"Alex Avila","Diamondbacks","29.2 %","43.8 %","0.0 %","27.1 %","0.6","45.8 %",".196","7476"
"Luis Castillo","Reds","26.7 %","66.7 %","0.0 %","6.7 %","2.6","25.0 %",".267","15689"
"Blake Swihart","Red Sox","39.1 %","41.3 %","5.6 %","19.6 %","3.7","34.8 %",".217","13176"
"Chase Headley","Padres","28.1 %","50.0 %","0.0 %","21.9 %","0.6","37.5 %",".188","4720"
"Daniel Castro","Rockies","28.2 %","59.0 %","18.2 %","12.8 %","0.3","12.8 %",".184","15450"
"Deven Marrero","Diamondbacks","26.5 %","49.0 %","7.7 %","24.5 %","8.7","35.9 %",".226","13325"
"Nick Pivetta","Phillies","10.0 %","70.0 %","0.0 %","20.0 %","2.6","9.1 %",".300","15454"
"Jon Gray","Rockies","0.0 %","80.0 %","0.0 %","20.0 %","0.1","0.0 %",".300","14916"
"Jabari Blash","Angels","44.4 %","44.4 %","0.0 %","11.1 %","2.2","11.1 %",".222","11247"
"Tomas Nido","Mets","20.7 %","55.2 %","16.7 %","24.1 %","2.0","37.9 %",".241","13755"
"Mike Marjama","Mariners","23.8 %","61.9 %","40.0 %","14.3 %","3.1","19.1 %",".143","12594"
"Andrew Romine","Mariners","33.3 %","47.2 %","8.3 %","19.4 %","5.4","15.8 %",".222","1159"
"Clayton Richard","Padres","20.0 %","40.0 %","0.0 %","40.0 %","1.6","12.5 %",".200","3551"
"Kole Calhoun","Angels","27.5 %","55.7 %","2.8 %","16.8 %","5.1","35.1 %",".185","11200"
"Byron Buxton","Twins","33.3 %","43.3 %","15.0 %","23.3 %","7.0","30.2 %",".226","14161"
"Adrian Sanchez","Nationals","27.8 %","61.1 %","0.0 %","11.1 %","2.6","15.8 %",".211","11338"
"Pat Valaika","Rockies","35.3 %","47.1 %","16.7 %","17.6 %","0.4","16.7 %",".170","14885"
"Trayce Thompson","- - -","46.8 %","38.0 %","13.5 %","15.2 %","5.6","22.5 %",".158","9952"
"Matt Koch","Diamondbacks","40.0 %","20.0 %","0.0 %","40.0 %","1.1","14.3 %",".200","13420"
"Tyler Anderson","Rockies","50.0 %","25.0 %","0.0 %","25.0 %","2.6","16.7 %",".250","12880"
"Mike Tauchman","Rockies","23.5 %","64.7 %","0.0 %","11.8 %","6.1","22.2 %",".176","15274"
"Chad Wallach","Marlins","21.4 %","64.3 %","0.0 %","14.3 %","0.6","6.7 %",".286","17161"
"Homer Bailey","Reds","0.0 %","100.0 %","0.0 %","0.0 %","0.1","15.4 %",".375","8362"
"Jake Smolinski","Athletics","40.7 %","48.1 %","18.2 %","11.1 %","8.5","22.2 %",".148","5408"
"Colby Rasmus","Orioles","37.5 %","37.5 %","33.3 %","25.0 %","1.6","37.5 %",".250","9893"
"Stephen Strasburg","Nationals","5.9 %","76.5 %","0.0 %","17.6 %","0.1","23.8 %",".167","10131"
"Jhoulys Chacin","Brewers","11.8 %","70.6 %","50.0 %","17.6 %","1.1","25.0 %",".235","2608"
"Kyle Freeland","Rockies","18.2 %","63.6 %","0.0 %","18.2 %","2.6","14.3 %",".250","16256"
"Tyler Wade","Yankees","22.7 %","63.6 %","0.0 %","13.6 %","0.6","12.5 %",".125","15730"
"Tyler Mahle","Reds","21.4 %","78.6 %","0.0 %","0.0 %","0.1","23.5 %",".143","16358"
"Julio Teheran","Braves","29.4 %","64.7 %","20.0 %","5.9 %","0.1","19.1 %",".176","6797"
"Caleb Smith","Marlins","0.0 %","87.5 %","0.0 %","12.5 %","0.1","16.7 %",".375","14875"
"Chad Kuhl","Pirates","23.1 %","76.9 %","33.3 %","0.0 %","2.6","4.8 %",".200","14975"
"Tanner Roark","Nationals","11.8 %","82.4 %","0.0 %","5.9 %","1.6","21.1 %",".176","8753"
"Tyson Ross","Padres","0.0 %","57.1 %","0.0 %","42.9 %","0.1","29.4 %",".200","7872"
"Miles Mikolas","Cardinals","33.3 %","55.6 %","0.0 %","11.1 %","0.1","23.1 %",".000","9803"
"Chad Bettis","Rockies","7.7 %","61.5 %","0.0 %","30.8 %","2.6","6.7 %",".214","10587"
"Jameson Taillon","Pirates","14.3 %","78.6 %","0.0 %","7.1 %","0.1","18.8 %",".143","11674"
"Steven Matz","Mets","21.4 %","57.1 %","0.0 %","21.4 %","0.1","13.3 %",".143","13361"
"Sean Newcomb","Braves","14.3 %","85.7 %","0.0 %","0.0 %","2.6","9.1 %",".286","16943"
"Jon Lester","Cubs","16.7 %","66.7 %","0.0 %","16.7 %","1.1","20.8 %",".200","4930"
"Carson Kelly","Cardinals","36.8 %","57.9 %","0.0 %","5.3 %","0.1","38.1 %",".105","13620"
"Daniel Murphy","Nationals","43.8 %","18.8 %","0.0 %","37.5 %","1.6","6.3 %",".125","4316"
"Matt Harvey","- - -","16.7 %","66.7 %","50.0 %","16.7 %","0.1","28.6 %",".154","11713"
"Andrew Susac","Orioles","57.1 %","35.7 %","37.5 %","7.1 %","1.6","28.6 %",".214","13132"
"Carlos Tocci","Rangers","35.7 %","28.6 %","0.0 %","35.7 %","0.1","13.3 %",".143","14558"
"Noah Syndergaard","Mets","44.4 %","44.4 %","25.0 %","11.1 %","0.1","20.0 %",".222","11762"
"Jacob deGrom","Mets","42.9 %","42.9 %","16.7 %","14.3 %","0.1","0.0 %",".133","10954"
"Zack Godley","Diamondbacks","14.3 %","42.9 %","100.0 %","42.9 %","0.1","0.0 %",".429","14862"
"Ross Stripling","Dodgers","9.1 %","81.8 %","0.0 %","9.1 %","4.9","6.7 %",".182","13273"
"Kenta Maeda","Dodgers","27.3 %","63.6 %","33.3 %","9.1 %","0.1","0.0 %",".182","18498"
"Michael Wacha","Cardinals","37.5 %","62.5 %","0.0 %","0.0 %","2.6","4.6 %",".125","14078"
"Chase Anderson","Brewers","20.0 %","60.0 %","0.0 %","20.0 %","2.6","22.2 %",".333","6895"
"Chris Stratton","Giants","20.0 %","50.0 %","0.0 %","30.0 %","0.1","35.3 %",".273","13761"
"Kyle Hendricks","Cubs","40.0 %","53.3 %","33.3 %","6.7 %","0.1","13.3 %",".133","12049"
"Walker Buehler","Dodgers","10.0 %","90.0 %","0.0 %","0.0 %","2.6","41.7 %",".182","19374"
"Ty Blach","Giants","27.3 %","63.6 %","0.0 %","9.1 %","0.1","20.0 %",".083","14361"
"Mike Foltynewicz","Braves","40.0 %","60.0 %","0.0 %","0.0 %","2.6","22.2 %",".286","10811"
"Trevor Williams","Pirates","25.0 %","66.7 %","0.0 %","8.3 %","2.6","0.0 %",".154","16977"
"Brandon McCarthy","Braves","12.5 %","50.0 %","0.0 %","37.5 %","2.6","36.4 %",".222","4662"
"Ronny Rodriguez","Tigers","31.3 %","43.8 %","20.0 %","25.0 %","2.6","31.3 %",".125","11875"
"Sal Romano","Reds","0.0 %","75.0 %","0.0 %","25.0 %","0.1","12.5 %",".200","13690"
"Jose Urena","Marlins","33.3 %","66.7 %","0.0 %","0.0 %","0.1","16.7 %",".200","11589"
"Aaron Nola","Phillies","20.0 %","60.0 %","0.0 %","20.0 %","0.1","6.3 %",".083","16149"
"Derek Holland","Giants","16.7 %","83.3 %","0.0 %","0.0 %","0.1","42.9 %",".167","4141"
"Gio Gonzalez","Nationals","0.0 %","100.0 %","0.0 %","0.0 %","0.1","30.0 %",".125","7448"
"Ivan Nova","Pirates","23.1 %","61.5 %","33.3 %","15.4 %","0.1","0.0 %",".000","1994"
"Jose Quintana","Cubs","10.0 %","80.0 %","0.0 %","10.0 %","0.1","20.0 %",".000","11423"
"Alex Wood","Dodgers","0.0 %","100.0 %","0.0 %","0.0 %","2.4","10.0 %",".000","13781"
